t,y,theta
0.05,0.10509302745359266,-0.013760885771325046
0.1,0.2646188292811028,-0.08556707375228459
0.15000000000000002,0.10657309557786188,0.005369611665000273
0.2,-0.2821574529571024,0.10061010066010398
0.25,0.1595862363595341,0.03573120979212577
0.30000000000000004,-0.44477052723090627,0.25847848644507676
0.35000000000000003,-0.1169168269247346,0.4011306766284308
0.4,0.4926739450963851,0.5001667962686325
0.45,0.842591164831869,0.6301736079454348
0.5,0.5465412143462436,0.8902433080425544
0.55,1.305531289112813,0.9488018252924492
0.6000000000000001,0.689148690226467,0.8607805388868053
0.65,0.7331581947374962,0.9615873312376401
0.7000000000000001,1.4263418071833995,1.0781788321763304
0.75,1.0096057587199574,1.2156719434326178
0.8,1.7796205806407488,1.2065773264847848
0.8500000000000001,1.914972248586145,1.2529270967189248
0.9,1.1799774193953754,1.3485835495408038
0.9500000000000001,0.88136946281697,1.4116122595671659
1.0,0.9948236894409506,1.3898922099890836
1.05,1.5289593865945368,1.4683019690323271
1.1,1.8185735914643963,1.3307562864611975
1.1500000000000001,1.378543352413137,1.4846863717476289
1.2000000000000002,1.0028142135782288,1.5380098296860683
1.25,1.24881602596313,1.5059320830047689
1.3,1.2792417139327503,1.3062029774503365
1.35,0.8408190273243747,1.467036748158603
1.4000000000000001,1.5794322718787193,1.5978087293088674
1.4500000000000002,1.644176368109353,1.4643502082258286
1.5,1.591936333642795,1.5496368975766814
1.55,1.6453026474387926,1.60529517897542
1.6,1.5440929959195187,1.6305282438770798
1.6500000000000001,1.882326111563884,1.5753823559687536
1.7000000000000002,1.4534065188542775,1.6197925788332408
1.75,2.309355997574039,1.8066520769138676
1.8,1.9158452773415564,1.714677739486327
1.85,2.0109276542377885,1.7128427614685557
1.9000000000000001,2.044922303139706,1.7495770668683797
1.9500000000000002,1.9750615540692822,1.7227287027953637
2.0,1.3671860456160099,1.703970451507285
2.0500000000000003,2.1329734280596813,1.700876431294069
2.1,1.856244162965961,1.858757222390585
2.15,1.931682531703802,1.82971075884321
2.2,2.2512285331811976,1.8089312045964512
2.25,1.6783268243501293,1.9916603178283743
2.3000000000000003,1.8448059947817161,1.998449722629715
2.35,1.4943338460037088,2.115080753620723
2.4000000000000004,2.2349595233218262,2.2332502157616374
2.45,1.8341611791284025,2.073887878801707
2.5,2.6116613406042926,2.262552253710575
2.5500000000000003,1.9178041562174402,2.181234522879104
2.6,2.7673394815083237,2.233656478066914
2.6500000000000004,2.1582177707576484,2.145347255651346
2.7,2.422145894637125,2.06780816330361
2.75,1.941364812771471,2.0152578629465276
2.8000000000000003,2.611451040835104,1.98830695193479
2.85,2.3829225529588753,2.104486687868054
2.9000000000000004,1.931289619590402,2.297630507195861
2.95,2.625596334602348,2.4271792828600045
3.0,2.937607158739258,2.5845574749504014
3.0500000000000003,2.464427455426019,2.6617160854125608
3.1,3.059533969544147,2.767540676149091
3.1500000000000004,3.17785387358476,2.9151627360592576
3.2,3.130141265327637,2.857104598638779
3.25,2.5977786476698195,3.112789620440349
3.3000000000000003,3.6443346021939074,3.2653120389019086
3.35,3.5759961599427466,3.5001840209518496
3.4000000000000004,3.3989024402620074,3.510713491902025
3.45,3.710122781123833,3.6173661898077616
3.5,4.1168753877678395,3.488964544170033
3.5500000000000003,3.165563183434188,3.4610043726840387
3.6,3.143708574411556,3.6378582477807084
3.6500000000000004,3.8772879287518998,3.9770261205275825
3.7,4.108893360983049,4.072714918095481
3.75,3.8287645523140363,4.123762654998606
3.8000000000000003,3.8804635705272754,4.2331303242453515
3.85,4.566363649657697,4.167227265298591
3.9000000000000004,3.6980789526792126,4.151631145569864
3.95,4.072189053081271,4.230965476298201
4.0,4.552890864824484,4.253773757389818
4.05,4.291524864039298,4.1576142423218405
4.1000000000000005,3.9918166018038033,4.2870362390510195
4.15,3.8779023459171382,4.5875874407829125
4.2,4.423929296291304,4.63449211451645
4.25,5.020310949274363,4.636495181315907
4.3,4.980932282191397,4.810229692844845
4.3500000000000005,5.2899682027875565,4.94904168385126
4.4,5.427916574577945,5.096759246680133
4.45,5.2417118469559485,5.136134195116994
4.5,4.923050795425938,5.102107472159286
4.55,4.909448994719288,5.14666731774819
4.6000000000000005,5.155746046660039,5.0401064693049085
4.65,5.421418516751979,5.113969602110262
4.7,5.252478558972435,5.228401221938134
4.75,5.317770912543321,5.402603279840792
4.800000000000001,4.81767431959688,5.3596613183417405
4.8500000000000005,5.391251443471766,5.3723449949976025
4.9,5.287359774289773,5.323137108736195
4.95,5.926111990486132,5.390541424666711
5.0,6.5510480923719685,5.568366524792835
5.050000000000001,5.665722022405857,5.619844436615235
5.1000000000000005,5.136112293146662,5.731211679382039
5.15,6.021194412412787,5.891817470896049
5.2,6.140513909537725,5.9653711800811235
5.25,4.833298987865768,6.110698021179312
5.300000000000001,6.495297412577454,6.178014297268434
5.3500000000000005,5.923289946793507,6.316576614738321
5.4,5.9131472242754874,6.417633575732841
5.45,6.218453368166788,6.579478370060446
5.5,7.409035637766182,6.715782942349037
5.550000000000001,6.431695554460634,6.785774740715748
5.6000000000000005,7.037509071636002,6.963273290013374
5.65,6.88193558019415,7.1224402172034305
5.7,7.4028158600367515,7.206468817736677
5.75,7.510143091325118,7.37461395283551
5.800000000000001,7.6702765256780685,7.334148878495506
5.8500000000000005,7.109921098229839,7.317959354445209
5.9,7.0837757535973225,7.442653175171632
5.95,7.581063739208346,7.611213921596725
6.0,7.567630275982446,7.659611375849231
6.050000000000001,7.229436189680547,7.667388775914573
6.1000000000000005,7.245702810822378,7.677603760664252
6.15,7.413396060455228,7.927915367695272
6.2,7.730004072087451,7.950034431295624
6.25,7.522020065613642,8.049689324817217
6.300000000000001,8.290132643737302,8.283437880339962
6.3500000000000005,7.525720685543222,8.199045463893148
6.4,9.033147048242114,8.207141212073223
6.45,8.628219838595525,8.306236273414841
6.5,8.51369404066062,8.452543876041407
6.550000000000001,8.824030890173843,8.643805800609492
6.6000000000000005,9.107597570089721,8.785357573976817
6.65,8.916763812908288,9.024949241965492
6.7,9.80145848022606,9.098133292634106
6.75,9.570683978360833,9.27794680835932
6.800000000000001,9.645124393782707,9.2096065683423
6.8500000000000005,8.842512028756705,9.152039080360383
6.9,9.651946208677874,9.085965830383842
6.95,9.07302938823632,9.092675485708671
7.0,9.426919766260943,9.180096716876662
7.050000000000001,8.906966091944174,9.27189750459898
7.1000000000000005,9.733574590916522,9.372948689015372
7.15,9.42125125264968,9.50043044340986
7.2,9.73293865296473,9.472882540642878
7.25,9.811101995934653,9.615989483611163
7.300000000000001,10.267861759521935,9.712967479840913
7.3500000000000005,10.480932784784722,9.854415391578017
7.4,9.934728279218284,9.942626975162987
7.45,10.300761301398657,9.957033165717824
7.5,9.34587997492673,9.795864458532911
7.550000000000001,9.889704080337596,9.876261574343784
7.6000000000000005,10.440409975334493,9.941925926928777
7.65,10.28608068798107,9.871437562949346
7.7,10.572749313820356,9.99724016092723
7.75,10.7353379523864,10.00939707821047
7.800000000000001,10.170600235149376,10.229537771467507
7.8500000000000005,9.788195247483253,10.252084815251802
7.9,9.818067298158873,10.28053980345178
7.95,10.471800535091925,10.387892553897824
8.0,10.399548420806633,10.540613969975745
8.05,10.256084082959076,10.465373266613863
8.1,10.513116213742467,10.547144577753986
8.15,10.283029625934013,10.582879517000638
8.200000000000001,10.557612572625517,10.600491994408046
8.25,11.286724376345223,10.616144507520342
8.3,10.394481121292621,10.659294135649727
8.35,10.797096508987577,10.5952172305625
8.4,11.316616594993182,10.645464742864846
8.450000000000001,10.693110352449757,10.768714191649174
8.5,10.832238400644284,10.927972409128014
8.55,10.284195907278216,10.974178032547428
8.6,11.128080421311621,11.02289277448661
8.65,11.54303209249933,11.075110064001839
8.700000000000001,11.230413274221222,11.081157842473429
8.75,11.363007569907753,11.084410471665805
8.8,11.149655077688738,11.042469517412478
8.85,11.439120750229716,11.037907080735149
8.9,10.476992143949772,11.065869247840027
8.950000000000001,11.218268551767473,11.176248142829829
9.0,11.287561027899828,11.172912069696839
9.05,11.706001491924614,11.19948045907729
9.1,11.533314119352854,11.333720859111986
9.15,10.951157785688807,11.364058701845817
9.200000000000001,11.132267887544147,11.524727792927234
9.25,12.21601303339171,11.457336566631504
9.3,11.097710163946997,11.318719174409235
9.35,11.36638788859243,11.271641265716045
9.4,11.273653148620133,11.389612301649802
9.450000000000001,11.53398798930668,11.439564950258445
9.5,10.757181805740991,11.498684737251901
9.55,11.746630004418776,11.655203332365804
9.600000000000001,11.377758967157874,11.66263678537549
9.65,11.126053863487101,11.713830624691143
9.700000000000001,12.458496274973736,11.816194150734285
9.75,11.764635919749729,11.903172281077476
9.8,12.574170409749543,12.04696331833777
9.850000000000001,11.919996025969171,12.05412756224461
9.9,11.996136350353666,12.113821330354227
9.950000000000001,10.787712054511541,12.129471242492805
10.0,12.354701365485647,12.204165293108865
10.05,12.172480927633977,12.142432318192679
10.100000000000001,11.461887330389668,12.192126886945964
10.15,13.255905414279182,12.300833596346472
10.200000000000001,12.237430016993947,12.382756700586503
10.25,12.246371853258916,12.431406159609894
10.3,13.0817808173537,12.506081199863182
10.350000000000001,12.890474463524466,12.753247223946282
10.4,12.201033174611561,12.958497811498527
10.450000000000001,12.242641122145763,12.885267745846063
10.5,12.637601242276652,13.046803377351324
10.55,12.848942052098199,12.940981980130562
10.600000000000001,13.016048975115034,13.09700830832416
10.65,13.143794802298759,13.192097465689592
10.700000000000001,13.96374313331954,13.33616455377948
10.75,13.086771650528082,13.269418948859752
10.8,13.774187532667778,13.514218094372152
10.850000000000001,13.89946351334038,13.592613582487509
10.9,13.5952868196948,13.617125216461604
10.950000000000001,13.644587114566749,13.599619731484834
11.0,14.452957622810244,13.627282597705369
11.05,13.195624652136056,13.820386998752074
11.100000000000001,14.179382992776844,14.122186599624436
11.15,14.219707286539087,14.100473560379697
11.200000000000001,14.793877878258662,14.026852006711682
11.25,14.213061768088929,14.07020916388067
11.3,14.75023463960561,14.14428063323986
11.350000000000001,13.872555695158086,14.419496667600797
11.4,14.830730032498094,14.614686530628981
11.450000000000001,14.806858869503587,14.746073678205127
11.5,14.728679617807167,14.811144054410626
11.55,15.910778505637131,14.979466501209583
11.600000000000001,14.874931146260971,14.920378561155692
11.65,15.168526336877225,14.928052379854742
11.700000000000001,15.165722213883475,14.72310015874437
11.75,15.544777006420691,14.787077730139847
11.8,14.282461699330883,14.869155017618848
11.850000000000001,15.272037475484629,14.981213870303218
11.9,14.66940340927653,15.089912737329824
11.950000000000001,14.878229608949542,15.182188262501606
12.0,14.641327678529533,15.224489195552312
12.05,15.453421176533238,15.29200876032291
12.100000000000001,15.41086973472157,15.240552302403783
12.15,15.62777587744589,15.12989114217483
12.200000000000001,15.629858191104539,15.193608396590589
12.25,14.57310588706642,15.129493775708356
12.3,14.585468300395009,15.033840403772126
12.350000000000001,14.785706702027381,15.280794608964495
12.4,15.366458142270703,15.055615144278512
12.450000000000001,14.601921311583759,15.103371104741447
12.5,15.315956929133343,15.261221972801703
12.55,15.265010955218804,15.276361155594866
12.600000000000001,15.126468269523473,15.34012871265338
12.65,14.938074420127911,15.466437878826053
12.700000000000001,15.185639851008665,15.451606124226881
12.75,15.352048447065835,15.633061969226368
12.8,16.47034896820967,15.766310650443454
12.850000000000001,15.567588080807145,15.858473261887207
12.9,15.638552541627844,15.87734853284579
12.950000000000001,16.279995618751254,15.873619377267246
13.0,15.493287849400788,15.856239971162275
13.05,16.098351670621312,15.884884052318057
13.100000000000001,15.862825256827682,15.814340706744598
13.15,15.505496393997415,15.898858948921195
13.200000000000001,16.27904123593571,15.894752073522136
13.25,15.546159971414832,15.971037840832246
13.3,15.491720609045958,16.027010560708245
13.350000000000001,16.48287147029062,16.106713571413042
13.4,16.215498360120783,16.220771124492323
13.450000000000001,15.637093478921258,16.211784010510115
13.5,16.436910320342545,16.31333003434655
13.55,16.92811809300839,16.23138406648215
13.600000000000001,16.969338619071568,16.326911282251874
13.65,16.82875970187102,16.41464449919977
13.700000000000001,16.912322584429155,16.37796702710326
13.75,15.930644270504605,16.17702039949977
13.8,16.36217059592243,16.2918616094242
13.850000000000001,15.646964131946875,16.451354752741405
13.9,16.191410272203136,16.396144013725515
13.950000000000001,16.384560276135627,16.56152504941798
14.0,16.293830021585908,16.65891057611425
14.05,16.56733283462461,16.704749106572347
14.100000000000001,17.452711381491216,16.83414601709244
14.15,16.157813813307055,16.72602915204762
14.200000000000001,16.8061534280957,16.596476185281
14.25,16.513085283531787,16.613206198437297
14.3,17.23097801640643,16.604171609743233
14.350000000000001,16.67648863222422,16.437071743677784
14.4,16.114726169855107,16.58683547429883
14.450000000000001,16.419571327988905,16.81333206159353
14.5,16.551255839051585,16.9228020053457
14.55,16.934089008240946,16.92807352975924
14.600000000000001,16.940649749833824,16.92175564154018
14.65,17.136150050686346,17.004873081925755
14.700000000000001,17.456829815918613,17.127484987816985
14.75,17.08420699333235,17.160669583981992
14.8,16.689507356293888,17.23619537387979
14.850000000000001,17.25431319802791,17.318765936709145
14.9,18.038665901778952,17.3505841133078
14.950000000000001,17.680342605123222,17.425959363851668
15.0,17.746924721886163,17.2512734695875
15.05,17.509021647664934,17.33638244317458
15.100000000000001,16.99268055587626,17.29083138726374
15.15,16.182250363616614,17.24908438652624
15.200000000000001,17.545628061729087,17.455038594609814
15.25,17.977158840517507,17.45760034943431
15.3,17.688645573769268,17.564238160476936
15.350000000000001,17.331853190456396,17.609062385455772
15.4,17.185051053112673,17.844284919228325
15.450000000000001,17.253074921588738,17.827284550024597
15.5,16.97209731351069,17.9006572204745
15.55,18.240838439486918,18.047996989592452
15.600000000000001,17.60435606222158,18.237546036136557
15.65,17.84017844327597,18.456348769714076
15.700000000000001,18.570248520495525,18.399500836902213
15.75,18.441941587353366,18.494027381889403
15.8,18.843442155013665,18.60467119192783
15.850000000000001,18.92596219324352,18.643890531627964
15.9,18.16596036751571,18.72906287214522
15.950000000000001,19.463781337762384,19.01746611488856
16.0,19.272206106963733,18.97336159295334
16.05,18.700695677086483,19.100894946917542
16.1,19.103346738842802,19.15655715914008
16.150000000000002,19.74565251511817,19.226364894911118
16.2,19.12228097541565,19.205752071485282
16.25,20.004458848621873,19.333246990946257
16.3,18.853147041941437,19.290960279077858
16.35,19.319344158379494,19.269182578332906
16.400000000000002,19.404784261065657,19.23071944322247
16.45,19.094432302322247,19.39355025460507
16.5,19.839170091761133,19.533804791820277
16.55,20.02367405075121,19.65271877793733
16.6,19.997757396791634,19.68348993865811
16.650000000000002,20.13070566712843,19.691379699457944
16.7,19.61440809850137,19.673656641744664
16.75,19.612295114386285,19.656662128021836
16.8,20.29269759123295,19.657803616047648
16.85,19.611237104015647,19.788070297900532
16.900000000000002,19.75361729927663,19.822709810256818
16.95,20.497701434450416,20.01758676433913
17.0,20.778233952518782,19.986786469354467
17.05,19.855292518913107,20.12167010792332
17.1,20.345962184099832,20.093921044840936
17.150000000000002,20.221096020172897,20.144613902921698
17.2,19.764548423886165,20.025691206668668
17.25,19.78655589142344,20.04006987524318
17.3,19.665847239003334,20.146870950777583
17.35,21.068111400968927,20.34134542101686
17.400000000000002,19.97333351419351,20.49417705222678
17.45,21.154977022225577,20.60463841951591
17.5,20.690536043739577,20.696148569596012
17.55,20.051717121906588,20.649126745434334
17.6,20.321656133444826,20.617576094132705
17.650000000000002,20.802731342171818,20.717616829422756
17.7,20.018371851216642,20.61033179581833
17.75,20.49947362876057,20.765334373557756
17.8,21.467549192022307,20.866143806935348
17.85,20.85437705287224,21.031804170043085
17.900000000000002,21.19982915825321,20.992985805866553
17.95,21.710866329185222,21.09472171214075
18.0,20.56905892015052,21.107565522818806
18.05,21.41001103062456,21.10157567560485
18.1,21.829487490827,21.126200708911078
18.150000000000002,22.160041910235915,21.235592409061166
18.2,20.372105682078548,21.327322996050704
18.25,20.855360524344707,21.38132561113548
18.3,21.065302019149488,21.502402326781276
18.35,20.791940463399616,21.407769311911125
18.400000000000002,21.88367646059446,21.515469038664047
18.45,21.834456047705242,21.709854494690074
18.5,22.643901509958372,21.918455482337542
18.55,21.421970041251576,21.986654837107316
18.6,21.78728225436161,21.887804024654248
18.650000000000002,22.178881615875948,22.010824788816574
18.7,21.933250832635313,21.966214463973028
18.75,21.932123854160363,22.089925224945407
18.8,22.406472960217766,22.2543873860266
18.85,22.58697232499198,22.437607097677763
18.900000000000002,22.55889972327691,22.351793035711935
18.95,23.0806229262002,22.294229749821653
19.0,22.266707741534756,22.559858556942473
19.05,22.420368217537657,22.38907395349781
19.1,22.712084187103237,22.44779474400243
19.150000000000002,22.701374140093115,22.25840151252711
19.200000000000003,22.321929890972523,22.340783663807027
19.25,22.99708766003322,22.57779097320447
19.3,21.89189306725319,22.572499434296212
19.35,21.542587442165658,22.44476660928487
19.400000000000002,22.797308857525394,22.398071829668066
19.450000000000003,21.923699059497544,22.350163636782337
19.5,22.80646241996038,22.14916300695313
19.55,21.950809806578864,22.187750548097263
19.6,21.92954054575032,22.120491031733593
19.650000000000002,22.66134267662616,22.25845286572203
19.700000000000003,21.68105458862109,22.3850482996253
19.75,21.663475810976607,22.444195510472934
19.8,22.465464615261162,22.36452767121609
19.85,22.726772301273353,22.552516021636087
19.900000000000002,22.650860529053983,22.60347410028416
19.950000000000003,23.355820899553198,22.86534681373964
20.0,22.50215298257154,22.756092848054507
20.05,23.138524893823945,22.79755198104591
20.1,22.34454514142432,23.020788493907457
20.150000000000002,23.254093975712546,23.01853552039227
20.200000000000003,22.773379939986683,22.957813369503672
20.25,22.808762928539572,22.763274456953546
20.3,21.823415913516126,22.549622975862764
20.35,23.33249952270518,22.5827562586783
20.400000000000002,22.045966809777934,22.583973695319735
20.450000000000003,22.550264598684034,22.590461729488045
20.5,22.961113735181023,22.756290251477488
20.55,22.552424509923505,22.67369037976252
20.6,23.307299344123592,22.68963131416525
20.650000000000002,22.44683553496038,22.76566864271122
20.700000000000003,22.052956443259504,22.84301687164581
20.75,22.996351660020636,22.78592138621688
20.8,23.229184737114082,22.91526727611245
20.85,22.814945585355993,22.92096015087027
20.900000000000002,23.47036872258139,23.131254435713082
20.950000000000003,23.31599783157434,23.2582288549388
21.0,22.621104186700563,23.217495464987795
21.05,22.913387257029495,23.23582773824777
21.1,22.843551170283654,23.33542127026565
21.150000000000002,23.85314058550862,23.474744146663483
21.200000000000003,23.624043778235695,23.55447096180118
21.25,23.82870231181175,23.536128461363603
21.3,23.00588763626194,23.676849008678058
21.35,22.888097155161653,23.582383176351534
21.400000000000002,23.471709228292966,23.560919953953515
21.450000000000003,23.789292975882034,23.547448633696014
21.5,23.788438612330722,23.480160063106222
21.55,23.265527058147168,23.47053486574568
21.6,23.145845413012463,23.52693962196674
21.650000000000002,22.721264264179286,23.586657618737537
21.700000000000003,23.271429601045668,23.379392458475962
21.75,23.42955300583633,23.396965522771392
21.8,23.629674111044856,23.526405016527015
21.85,23.543413408954198,23.500001817702746
21.900000000000002,23.75222655756976,23.557146940985753
21.950000000000003,24.159388452560027,23.63654657625002
22.0,23.500397537049693,23.616362411717628
22.05,23.189051462919437,23.679983907145576
22.1,23.28996708142317,23.622635541507417
22.150000000000002,23.77045269927427,23.624714406874894
22.200000000000003,23.938202447545248,23.692102942981304
22.25,23.618365579829394,23.676779686550837
22.3,23.40839724695411,23.634722463226666
22.35,24.326982203590493,23.692400524496467
22.400000000000002,23.752768313760487,23.56453453414877
22.450000000000003,23.891711022508982,23.655767977792763
22.5,23.093879015358016,23.543080685855927
22.55,24.136747242661205,23.64501764895766
22.6,23.933799441629606,23.720466722658237
22.650000000000002,23.925029624235023,23.801457150129927
22.700000000000003,23.80063303169471,23.956988907844206
22.75,24.302779591715705,24.07716398482227
22.8,24.284906259115235,24.142149398366012
22.85,24.403150614482016,24.21624200501807
22.900000000000002,24.728729474191915,24.18845856532351
22.950000000000003,24.102623736971665,24.33220567940166
23.0,24.193515960705035,24.484160860208398
23.05,24.016050573805778,24.685421293589112
23.1,24.673810229595592,24.692413969826774
23.150000000000002,24.869599154528537,24.65415064548875
23.200000000000003,24.372084913118353,24.640739865401358
23.25,24.04267319670185,24.676430264876306
23.3,24.731881749877537,24.75939511380561
23.35,25.21750397983322,24.795427895508027
23.400000000000002,25.43249835013514,24.87890420045094
23.450000000000003,25.001579827348703,24.806584117259565
23.5,24.927223776984313,24.863704325470827
23.55,25.135572364555234,24.948660126355826
23.6,24.911060438989345,25.10892528259088
23.650000000000002,25.0963295231701,25.12874881624406
23.700000000000003,25.083601248491714,25.016256967399904
23.75,25.348885188042257,25.11320873606052
23.8,25.393058826111485,25.07494271485984
23.85,24.9543376282386,25.23089952135223
23.900000000000002,25.138158160988066,25.267948966144733
23.950000000000003,25.8939831383921,25.363062195181353
24.0,24.90797326712217,25.322197830511723
24.05,24.9900268030803,25.33651942739681
24.1,25.87305189536981,25.380767558895844
24.150000000000002,25.703470548189507,25.457571014764756
24.200000000000003,26.302853493489813,25.518281227995345
24.25,25.813629734952872,25.479967021282192
24.3,26.287350700302845,25.619509051471507
24.35,25.124034968833215,25.77954770161903
24.400000000000002,24.65258176774,25.68867783224824
24.450000000000003,25.821395432236702,25.58325104405634
24.5,26.02598163477707,25.532864727858495
24.55,26.305993487621247,25.678810973139807
24.6,25.79959416543659,25.845142940430243
24.650000000000002,25.92179810817522,25.70196635379989
24.700000000000003,25.220345036192526,25.877887241742297
24.75,26.463035634264784,25.932406672993732
24.8,25.756150080669826,26.172618789894766
24.85,25.86087860145492,26.331624638339136
24.900000000000002,25.942833953040445,26.353316311678707
24.950000000000003,27.407001756221145,26.382310667706072
25.0,26.395448838462322,26.36167740845981
25.05,26.329754385457615,26.41652548722175
25.1,25.954086078989416,26.449601823094536
25.150000000000002,26.52098423997501,26.4604893180387
25.200000000000003,26.212462218238937,26.71758402365747
25.25,26.17621572771933,26.832453759901036
25.3,27.190241483249846,26.868954528372825
25.35,26.545332611566618,26.833687471591197
25.400000000000002,27.255450302352404,26.902958291092443
25.450000000000003,27.444174883776274,27.049191907291444
25.5,26.812349693776067,27.036761326224354
25.55,27.039848221411308,27.133274168427814
25.6,27.132970915660955,27.124941212782645
25.650000000000002,26.790332652973287,27.203967116285625
25.700000000000003,27.89146986782314,27.50311972389155
25.75,28.054286890966058,27.356466009725448
25.8,27.34609541652347,27.611710743564128
25.85,27.233129726123494,27.683588330380807
25.900000000000002,27.07008679605341,27.55098890666779
25.950000000000003,27.036786814717583,27.56091378650881
26.0,27.36528281885192,27.683277018807804
26.05,28.06303623318028,27.793224071236644
26.1,27.340251098883805,27.71789097059749
26.150000000000002,28.019158386814578,27.862967897811814
26.200000000000003,27.87833443690203,27.843603275141916
26.25,27.49541554026216,27.790458325810608
26.3,27.714212653673666,27.824426028027755
26.35,27.366936763582697,27.850996559058743
26.400000000000002,28.22333864276243,27.83242271797285
26.450000000000003,27.665509834672598,27.824592529385388
26.5,28.068237938352006,27.90794682936161
26.55,27.82136267733337,28.088509709568473
26.6,28.500229149525794,28.113688975901667
26.650000000000002,28.30309972159222,28.148058176765304
26.700000000000003,27.82661899578238,28.196254343151946
26.75,28.542017523885097,28.267855133917898
26.8,28.632949198622136,28.307534517137665
26.85,28.840304782404214,28.361976497823267
26.900000000000002,27.485921541563982,28.15417765645361
26.950000000000003,27.727382717783502,28.128939720050347
27.0,28.44213648367438,28.17149161833942
27.05,28.747820101294955,28.249517479721423
27.1,27.8397830396284,28.31880915809718
27.150000000000002,27.94733949125598,28.271885146330654
27.200000000000003,27.88482520939173,28.34805380535552
27.25,28.264831352628214,28.35031080629675
27.3,28.50266537827436,28.512037644496182
27.35,29.195002836123596,28.626706171023482
27.400000000000002,28.57327798015973,28.670311089557085
27.450000000000003,28.63861687613102,28.667788343311223
27.5,28.688763736498075,28.770048311341437
27.55,29.13881986769397,28.78605087468431
27.6,28.86377065335333,29.036497342552085
27.650000000000002,29.354931636148997,29.11327498365578
27.700000000000003,28.960328497006817,29.330045958828503
27.75,29.182792569092374,29.38915760035269
27.8,29.664377950401448,29.474961956120293
27.85,29.129696241207725,29.412596885458306
27.900000000000002,30.401604963380517,29.35986116290222
27.950000000000003,29.84513556067671,29.421659782018622
28.0,29.630063896179614,29.38522699407135
28.05,28.874392815729568,29.497617862903432
28.1,29.940750007496487,29.543081215359614
28.150000000000002,29.89745180650044,29.72624552278986
28.200000000000003,29.27384260093243,29.643284280823455
28.25,29.76884291454531,29.789185703325828
28.3,30.339515488134968,29.88707771741262
28.35,29.506947819462017,29.680335630271074
28.400000000000002,29.989370865475557,29.523605546013183
28.450000000000003,29.588657951490273,29.746937472489925
28.5,29.920906313877996,29.76373974201271
28.55,29.984537388352766,29.960004476447896
28.6,29.971353973848238,29.98733664957825
28.650000000000002,30.1608615175625,29.906153855369926
28.700000000000003,30.044232496092647,30.009620009838805
28.75,29.49377292431607,30.00617740130839
28.8,29.828311383504072,30.106768741452402
28.85,30.015975661296906,30.215221417262068
28.900000000000002,30.64397223669863,30.31313707896113
28.950000000000003,30.267302574534266,30.16028398281115
29.0,30.174655899160932,30.098115827458617
29.05,29.17418883782934,29.973446178150848
29.1,29.825339497581005,30.122857837165046
29.150000000000002,30.105939526501846,30.238597556958798
29.200000000000003,30.449934265584815,30.374971235980766
29.25,30.56521978725968,30.319731167870643
29.3,29.90821233105158,30.50104906860092
29.35,29.75357027948493,30.40496722638482
29.400000000000002,30.693181285147514,30.45355258526076
29.450000000000003,30.45683284241094,30.630720127607944
29.5,30.825050160045013,30.834757837941247
29.55,30.53317719343951,30.8411425592111
29.6,30.153781390039494,30.873486415824786
29.650000000000002,30.89995437642987,30.88985304439417
29.700000000000003,31.077247461229877,31.101735777864658
29.75,31.50198741684938,31.276624068888136
29.8,31.261404599239487,31.315580388217647
29.85,31.41628888740167,31.366469549491764
29.900000000000002,31.428729298331163,31.646090328411216
29.950000000000003,31.541251991388336,31.634607317235524
30.0,32.02466900673941,31.61731482621723
30.05,31.10855696494734,31.96250252486613
30.1,31.80435104079849,31.998947160570307
30.150000000000002,32.42915479478841,32.136883787702196
30.200000000000003,32.32065020102161,32.30831948380841
30.25,32.772760809293004,32.24842575898319
30.3,32.71077151494138,32.43979731970032
30.35,32.38512491808633,32.59589837281826
30.400000000000002,32.647056633281686,32.62701778772464
30.450000000000003,32.19999746152572,32.62333861276241
30.5,33.32941373106056,32.554667096116965
30.55,32.72790959741555,32.50380875150325
30.6,32.26937764037622,32.297842268983494
30.650000000000002,31.792162979190696,32.40888385203503
30.700000000000003,32.370769611887,32.45573145657287
30.75,32.94337081199707,32.52720019765395
30.8,33.06120607876378,32.60208967840356
30.85,32.988220317849894,32.750765207920765
30.900000000000002,32.80913329854078,32.73118099374025
30.950000000000003,32.73827164915249,32.79831839747678
31.0,32.81688041956395,32.86715647402141
31.05,33.05905984874174,32.70307213004657
31.1,32.49195038833355,32.71768277493948
31.150000000000002,32.52950823034985,32.86222598149433
31.200000000000003,31.815016517066706,32.80865683733838
31.25,33.12760801073048,32.88525355395433
31.3,33.06606019926147,32.899548258490036
31.35,33.36927450864206,32.940313463576835
31.400000000000002,32.844412050569446,32.961059243257004
31.450000000000003,33.57555600891758,33.20299032706103
31.5,33.516955416308654,33.27892715356627
31.55,33.54671242841537,33.235870392504175
31.6,33.29516379108054,33.273747638494164
31.650000000000002,33.14183412400836,33.42468507516429
31.700000000000003,33.43141270674149,33.44604515910878
31.75,33.5701104060251,33.54428665500053
31.8,33.60840373926553,33.66485973670827
31.85,33.537962060694355,33.824293218635056
31.900000000000002,33.66696523560864,33.94832995403787
31.950000000000003,33.76377456769534,34.00213849754045
32.0,33.61585141268365,34.11093897385002
32.050000000000004,34.64553356555716,34.1348143750299
32.1,33.95552716875185,34.16622168236501
32.15,34.30129521900193,34.16023946376918
32.2,34.14123331452387,34.317075571674906
32.25,34.22858238448853,34.27895931279058
32.300000000000004,34.26000951619993,34.19827487854585
32.35,34.0824730795935,34.26166702240758
32.4,34.579314516095806,34.32085863464401
32.45,33.82447216010803,34.329991704869066
32.5,34.65189996715165,34.33094021789728
32.550000000000004,34.3387296024836,34.37912450957296
32.6,34.45966084761227,34.325444851375806
32.65,34.77842895915102,34.40069480432505
32.7,34.57280455879648,34.67583807137544
32.75,34.99544951971166,34.80580894240634
32.800000000000004,34.209342165574554,34.922402400814335
32.85,34.94134393995306,35.07162538372855
32.9,35.064539221678345,35.27081301003678
32.95,35.467643738343,35.38971485667518
33.0,35.02413645219246,35.367473914117205
33.050000000000004,34.5470799085362,35.46270249615698
33.1,35.05797719353732,35.409245423141336
33.15,35.40760369476703,35.519837261291435
33.2,36.150998124397866,35.60549507803846
33.25,36.2265997924642,35.64869832501956
33.300000000000004,35.60452858933234,35.66700939749513
33.35,35.891736923541046,35.80650572054171
33.4,35.49982202148027,35.78518753778342
33.45,36.06350719905442,35.70485284847956
33.5,34.931652795992,35.86563387125717
33.550000000000004,35.58900535327021,35.957763721206454
33.6,35.950819419513614,36.065507657894074
33.65,36.45705462301376,36.260231849606775
33.7,36.18262556238899,36.24628334295916
33.75,35.71307103746801,36.249674563413734
33.800000000000004,36.766409313840946,36.41612750413861
33.85,35.7950557979883,36.570852458073354
33.9,36.73502684283348,36.64086224996502
33.95,36.28755692290447,36.77419743135552
34.0,36.52536047415115,36.79121534413584
34.050000000000004,37.59009897075425,36.96857919176924
34.1,37.50890544171341,37.036858068344365
34.15,36.55253349152398,37.12180402217375
34.2,36.95450685597504,37.06993671810122
34.25,37.42153462501325,37.0964743994462
34.300000000000004,37.27104795252331,37.26217793792592
34.35,37.71103208955963,37.30093339781087
34.4,37.591468405610186,37.32689607581406
34.45,37.45488283465394,37.39415074455186
34.5,37.50197609931316,37.468406741190115
34.550000000000004,38.142852355895734,37.54897883853853
34.6,37.012404141984476,37.43732830306349
34.65,38.203488794189774,37.569710509157
34.7,38.03750511990143,37.82783649783622
34.75,37.6218310986657,37.81248003438698
34.800000000000004,38.02092971876054,37.990337517050484
34.85,37.75292194786097,37.92751046329449
34.9,38.16285340955387,38.05351909024817
34.95,37.91435785226321,37.83673894313955
35.0,37.055513908075774,37.723236471631886
35.050000000000004,37.57574429827969,37.89323116560907
35.1,37.88258390550829,37.96387039254934
35.15,39.02401974907917,38.158962082663486
35.2,38.41083054965464,38.28884422448363
35.25,38.367410193789745,38.39011741356215
35.300000000000004,39.16176397005542,38.53405429629907
35.35,38.426213130050066,38.7189035251497
35.4,38.180786229880816,38.772400250272845
35.45,38.93857729506148,38.86079916208794
35.5,38.817104123346475,38.92839369783418
35.550000000000004,39.53746460799085,39.08134059416818
35.6,39.22942126630336,39.15023517583314
35.65,38.98770564939632,39.28483284058041
35.7,39.39844545020319,39.372529479513666
35.75,39.34612230647091,39.33406775508383
35.800000000000004,39.71055681912159,39.49333062622499
35.85,40.04428829719154,39.38600816264321
35.9,39.39322913745499,39.440040933010344
35.95,39.872823192014,39.68594426752164
36.0,39.166105964598046,39.73738923226993
36.050000000000004,39.649685292262724,39.924435735439204
36.1,39.39731948475864,39.92114380420821
36.15,39.906200018231814,40.053830431911074
36.2,39.76440773482644,39.9971339872396
36.25,39.90554479286778,40.00711084898796
36.300000000000004,40.53689495772269,40.177494413449416
36.35,40.168420970859785,40.096184171470156
36.4,40.07241205639924,39.99203803806414
36.45,39.95138153815926,40.03464176243517
36.5,40.287400496618,40.22110071232657
36.550000000000004,40.39565304622722,40.317684123117
36.6,40.93112824363423,40.489575352264524
36.65,40.38759688565882,40.797702158911605
36.7,40.17525829389654,40.75311404689355
36.75,40.921229096846126,40.68021270655587
36.800000000000004,40.43754826393496,40.62033083112721
36.85,41.338196366358474,40.652288364763926
36.9,39.83409255354282,40.734596253591405
36.95,41.13252046678631,40.851391588157604
37.0,40.97278060832761,40.92449370561864
37.050000000000004,40.54512166659311,40.75475982060708
37.1,40.526629190696966,40.62381355904661
37.15,40.17197113691366,40.581555068132054
37.2,40.28158657292446,40.623320853355764
37.25,40.560989214342584,40.84958541274821
37.300000000000004,40.84063097244625,40.89080722697403
37.35,40.5324697529704,40.978077354117495
37.4,40.92077375344703,40.920273160613334
37.45,41.26280556713013,40.82531362888314
37.5,41.75916732288089,40.91053952551636
37.550000000000004,41.356727870484846,41.059361000127936
37.6,41.5938596479673,41.172939789442474
37.65,40.606394431272776,41.26395337063413
37.7,40.07710947805197,41.26274833900431
37.75,41.18238243915605,41.299739755568815
37.800000000000004,41.46331048777929,41.38776042788592
37.85,41.13143802876909,41.27274614000254
37.9,41.731122317780134,41.25289554952779
37.95,41.3873052649234,41.17635066225206
38.0,41.234354591544154,41.24954266901456
38.050000000000004,40.50884682049428,41.30337798975101
38.1,41.53712927566724,41.46612196620634
38.15,42.24569070523831,41.38381955694741
38.2,41.316531157182396,41.42498068064337
38.25,41.490464982775684,41.51534363849904
38.300000000000004,41.58007445055114,41.6769790412362
38.35,42.502992235435016,41.86332323702774
38.400000000000006,41.34249540115205,41.8333449014317
38.45,42.454123016644466,41.94810662902404
38.5,42.18411044679758,41.90985152248021
38.550000000000004,42.57507580745316,42.05657057204081
38.6,41.989748395374036,42.00167876945244
38.650000000000006,41.66386142597514,42.1158857032487
38.7,41.77661657347452,42.162466331157304
38.75,41.76460913050875,42.09834644452872
38.800000000000004,41.773439866579004,42.01280940506239
38.85,41.295093610686564,42.10994110512747
38.900000000000006,42.06458879036749,42.26900873402121
38.95,42.239317438536965,42.270873068494815
39.0,42.36965767264443,42.244705475633296
39.050000000000004,42.801505954540815,42.39404341703942
39.1,42.583942933593214,42.61140370192826
39.150000000000006,42.63729081247127,42.718773230214595
39.2,42.4195391605167,42.74589402142799
39.25,43.09942308302303,42.963864342654745
39.300000000000004,42.91211396307642,42.92145558942969
39.35,43.14001525103554,42.91099199853998
39.400000000000006,43.07209361432424,42.91089875537512
39.45,42.87317068468809,43.0643882552178
39.5,42.760327453573815,43.17049651493156
39.550000000000004,43.595563688715174,43.250644695156
39.6,43.85420077927876,43.202551017323856
39.650000000000006,43.32693267789866,43.254814866588674
39.7,44.63102604670128,43.544419641644375
39.75,43.72933522328995,43.57689358004094
39.800000000000004,43.693078289520585,43.54950724729147
39.85,43.777825617425165,43.477172991067015
39.900000000000006,43.796539480278405,43.59772112942872
39.95,43.81205564207625,43.550002216209165
40.0,43.611745504732625,43.45957781067263
40.050000000000004,43.59689457631359,43.64587394020336
40.1,43.7084037457065,43.71224785940352
40.150000000000006,43.33678446032685,43.86061361358866
40.2,44.23957545904145,44.04506241347436
40.25,44.05711003378219,44.21697052570355
40.300000000000004,44.62138294522009,44.321022677862736
40.35,44.145617470553304,44.30871975180301
40.400000000000006,44.573146637438555,44.37961860120204
40.45,43.949879950483,44.6207851863882
40.5,44.62121383323449,44.712232091529046
40.550000000000004,45.081144055769215,45.0186222413183
40.6,44.31751607124916,45.05687218059426
40.650000000000006,45.07089354709797,44.947108710718496
40.7,45.04366654358329,45.07905401231706
40.75,44.90227721616924,45.171762430790956
40.800000000000004,45.49407255345312,45.16740968464002
40.85,45.71100854978363,45.133967511620284
40.900000000000006,44.44042050857323,45.151802242800535
40.95,45.35797912487716,45.16092455140794
41.0,45.70674000969189,45.253174580533226
41.050000000000004,45.71321053237054,45.367371270068716
41.1,45.29176496271215,45.311128571337
41.150000000000006,45.58492517096635,45.17966041007935
41.2,45.02082258053177,45.104303306758226
41.25,45.616944322425525,44.974187080731
41.300000000000004,45.178529232335364,45.047889685245345
41.35,45.50990344577488,44.97676901629519
41.400000000000006,44.81231434909884,44.91777410129021
41.45,44.6326683666152,44.89475505731696
41.5,45.32085797446314,45.05753393112005
41.550000000000004,45.21664302094492,45.060452760975146
41.6,45.503757315662675,45.23384772264413
41.650000000000006,46.38427951374571,45.36868899896156
41.7,44.72037700551141,45.23002187985752
41.75,45.15544779404469,45.34542684366547
41.800000000000004,45.67990829315154,45.48622159814635
41.85,45.403831078411095,45.38915350707138
41.900000000000006,45.19260043825023,45.391752745935676
41.95,45.72635607731461,45.45855690075254
42.0,46.05386486257858,45.738589111134026
42.050000000000004,45.68279882172435,45.83099675645202
42.1,45.55915697486514,45.93407330693297
42.150000000000006,45.85667110735206,45.94739479830571
42.2,46.05311540742781,45.911046037278695
42.25,45.37171222945009,45.9942517370269
42.300000000000004,46.5504666432593,46.055192191804665
42.35,46.56260309002023,46.17725951717903
42.400000000000006,46.719381508160396,46.16070991232237
42.45,46.47028946507888,46.271221463972694
42.5,46.30751208046909,46.19598495436467
42.550000000000004,46.96013802676041,46.13417441753818
42.6,46.84383470132604,46.17738004756357
42.650000000000006,47.04978464168137,46.329020330398954
42.7,46.55456602611815,46.22433346726866
42.75,46.18836606894838,46.363037671191684
42.800000000000004,46.833381651172495,46.38632135757438
42.85,44.971440964272524,46.432954768991166
42.900000000000006,47.46206756476693,46.54402649661323
42.95,46.94578891234622,46.763613147200445
43.0,46.37413588545862,46.83123443010293
43.050000000000004,46.45006223365339,46.877220458821846
43.1,46.800027028204624,47.0042495701382
43.150000000000006,47.459704325897725,47.1377127788105
43.2,46.68873715726212,47.15931669875687
43.25,47.44105690458884,47.21807685624656
43.300000000000004,47.563580651232115,47.30068391837586
43.35,47.64870170227634,47.483874881370355
43.400000000000006,47.773904808246584,47.63125922636509
43.45,47.78341469295916,47.706914110033644
43.5,48.05451197226049,47.59994747614132
43.550000000000004,47.067467690704724,47.63630712505784
43.6,47.36448097195249,47.56509471051822
43.650000000000006,47.688711742130664,47.53579664932686
43.7,47.2529512434424,47.529701762963654
43.75,47.64714143149462,47.64085557335447
43.800000000000004,47.643548886871066,47.75369244213839
43.85,47.68207302670644,47.78331901010457
43.900000000000006,48.28311578979702,47.90144741309327
43.95,47.81098990057711,47.89371443250141
44.0,47.54684722434887,47.87929691308339
44.050000000000004,47.70029174752531,47.83754437284236
44.1,48.34960799150047,47.87982508121568
44.150000000000006,47.50986432427219,48.05236682249851
44.2,47.94353774361767,47.954876214315874
44.25,47.83054818481146,48.09082866739994
44.300000000000004,48.158373402282805,48.20358536037086
44.35,48.091570776487636,48.128226410168374
44.400000000000006,48.00677473008984,48.146460921854384
44.45,48.27966423595753,48.23245758717727
44.5,48.20590510914289,48.33018922426018
44.550000000000004,48.760512003565346,48.44767585891594
44.6,48.90107374496049,48.50067917301674
44.650000000000006,49.250622377844316,48.65352152850016
44.7,48.708710071116826,48.8900414888741
44.75,48.39910848821559,48.90323527149236
44.800000000000004,48.78262030565464,49.07677591452277
44.85,49.13406862867644,48.99525038327196
44.900000000000006,49.05243178353214,49.076265454581865
44.95,49.70758234034797,49.14044626942582
45.0,49.202558806811396,49.157161125467496
45.050000000000004,49.53145667954151,49.15246905670492
45.1,48.94603486329148,49.23807338738446
45.150000000000006,49.1111926132668,49.174907626816726
45.2,49.77195428161012,49.27279815448342
45.25,48.66647099456239,49.12833035491091
45.300000000000004,48.46874281413216,49.09391716906729
45.35,49.345631693264295,49.223255224505245
45.400000000000006,49.56345305786317,49.252346791017644
45.45,49.1421421292131,49.4284717630205
45.5,49.99428687889015,49.37019841494246
45.550000000000004,49.687550146745316,49.52178513812576
45.6,49.680993173377445,49.71863610539208
45.650000000000006,49.868095553826244,49.90622477033993
45.7,49.9584514866455,49.96082003627065
45.75,50.583551654399834,50.08412671305561
45.800000000000004,49.58334047985975,50.09076254707461
45.85,49.55488188116195,50.15492679738564
45.900000000000006,50.19525749061539,50.01098076511414
45.95,50.33848299907021,50.10833983411367
46.0,50.39750628202203,50.20208643649639
46.050000000000004,50.60045862592083,50.21548056078126
46.1,50.031971722659186,50.20582991932571
46.150000000000006,49.647882157160986,50.09686887392347
46.2,50.47302195269875,50.36149630687956
46.25,50.612199224735754,50.53037370766051
46.300000000000004,50.55924970973897,50.51828361183993
46.35,50.71152097611258,50.708011012560206
46.400000000000006,51.24102585170834,50.77866416233322
46.45,51.241403752355794,50.769563289158036
46.5,50.51399487473849,50.76770159721624
46.550000000000004,50.66351751657761,50.89569374363014
46.6,50.94927198024718,50.99991314640874
46.650000000000006,50.50314953259073,50.91010543005589
46.7,51.28597993811237,50.810429168654885
46.75,50.98161172367681,50.83362122713403
46.800000000000004,50.962621381259716,50.94679477398289
46.85,50.92741413809577,50.910029330233094
46.900000000000006,50.9607588821785,50.76371687742516
46.95,50.80229208152363,50.9384372923502
47.0,51.362899901129495,51.02568158223202
47.050000000000004,50.78111145774492,51.185083963283596
47.1,51.677676713430635,51.18460715549688
47.150000000000006,50.89251159199009,51.055329209979355
47.2,51.55786864942637,51.22830979485315
47.25,51.256817168842886,51.28386293805755
47.300000000000004,51.39473902844358,51.275757873158895
47.35,51.2602509516931,51.358943237789944
47.400000000000006,51.13974739635266,51.39471494869907
47.45,52.084622507284664,51.42117222483026
47.5,51.248918157634215,51.56710120571885
47.550000000000004,51.591774122211746,51.52989521682764
47.6,51.64903410474551,51.37098753176542
47.650000000000006,51.06317217191503,51.273329859354575
47.7,51.718762838145686,51.337616894769184
47.75,52.430878976573865,51.4740681623997
47.800000000000004,51.497663113038215,51.53109088172284
47.85,51.25062651505076,51.4935769685088
47.900000000000006,51.25658983252962,51.4417064483634
47.95,51.02766973032495,51.49453320873321
48.0,51.704037155932504,51.330982713336255
48.050000000000004,51.54413326633633,51.450745575825025
48.1,51.40262968121862,51.50625925222847
48.150000000000006,51.533945032197686,51.63287886679115
48.2,51.43148165594488,51.75457950634252
48.25,51.39552477794398,51.58017132394066
48.300000000000004,51.56885790311427,51.66042922461112
48.35,50.67125981090947,51.642728131058746
48.400000000000006,50.82671044261431,51.56313174534689
48.45,51.50025736972237,51.700568364375734
48.5,51.53669708147553,51.65359553706247
48.550000000000004,51.47371514852719,51.53996626996337
48.6,51.801206856730275,51.64642882376342
48.650000000000006,52.01572577598318,51.80188231207504
48.7,51.73703626118127,51.96151875371961
48.75,52.004625601733665,51.98510806374772
48.800000000000004,52.08980959867473,52.17958428025261
48.85,52.37652728648296,52.16103038674662
48.900000000000006,51.888603919494145,52.30565024924745
48.95,52.43522233637849,52.36639577330012
49.0,52.63670811668355,52.448361619593555
49.050000000000004,52.38241934758787,52.416768852049756
49.1,52.175809025655475,52.259522796089804
49.150000000000006,51.81921970880629,51.956739638246916
49.2,51.410417613355094,52.07174548809584
49.25,52.6118857572088,52.14020548739754
49.300000000000004,52.235522227446644,52.04821724176986
49.35,51.57922198429655,52.018740216184696
49.400000000000006,53.05909356907264,52.13050376837113
49.45,51.32741856035329,51.97011814260451
49.5,52.145106975268575,51.969643173313614
49.550000000000004,52.11627736169366,52.00058055793627
49.6,52.674294588885196,52.14431220103728
49.650000000000006,52.25558011273642,52.38082916041827
49.7,51.78255809109763,52.32654142718885
49.75,51.74993570585352,52.194036733424156
49.800000000000004,52.375698079135184,52.167877973006156
49.85,52.18161192996715,52.245197227337165
49.900000000000006,51.881176512786915,52.35712392185032
49.95,52.59341468863894,52.28734602987271
50.0,52.67911246692025,52.10704389739557
